{
	"Paper": [
		"filler1",
		"filler2",
		"filler3"
	],
	"Parent Sheet Size": [
		"23x35",
		"24x36",
		"25x38",
		"26x40",
		"28x40"
	],
	"Parent Sheet Quantity": [
		"filler1",
		"filler2",
		"filler3"
	],
	"Press Sheet Size": [
		"11x17",
		"12x18",
		"12.5x19",
		"13x19",
		"8.5x11",
		"9x12"
	],
	"Press Sheet Quantity": [
		"filler1",
		"filler2",
		"filler3"
	],
	"Imposition": [
		"filler1",
		"filler2",
		"filler3"
	],
	"Press": [
		"Heidleberg XL 105",
		"Ryobi 525",
		"Ryobi 524",
		"Ryobi 3304",
		"Ricoh 9210",
		"Linoprint",
		"Versafire"
	],
	"Bindery": [
		"Folder",
		"Stitchliner #1",
		"Stitchliner #2",
		"Acoro",
		"BQ 270",
		"Muller Martini Sitcher",
		"Drill",
		"Shrinkwrapper",
		"Heidelberg Die Cutter",
		"Horizon Die Cutter"
	],
	"Mail Department": [
		"DS 600I",
		"Kirk Rudy Inkjet #1",
		"Kirk Rudy Inkjet #2"
	],
	"Display Graphics": [
		"Durst P5 350",
		"Colex",
		"Kongsberg X24"
	]
}
