{
	"Paper Cover": [
		"filler1",
		"filler2",
		"filler3"
	],
	"Cover Parent Sheet Size": [
		"23x35",
		"24x36",
		"25x38",
		"26x40",
		"28x40"
	],
	"Cover Parent Sheet Quantity": [
		"filler1",
		"filler2",
		"filler3"
	],
	"Cover Press Sheet Size": [
		"11x17",
		"12x18",
		"12.5x19",
		"13x19",
		"8.5x11",
		"9x12"
	],
	"Cover Press Sheet Quantity": [
		"filler1",
		"filler2",
		"filler3"
	],
	"Paper Text": [
		"filler1",
		"filler2",
		"filler3"
	],
	"Text Parent Sheet Size": [
		"23x35",
		"24x36",
		"25x38",
		"26x40",
		"28x40"
	],
	"Text Parent Sheet Quantity": [
		"filler1",
		"filler2",
		"filler3"
	],
	"Text Press Sheet Size": [
		"11x17",
		"12x18",
		"12.5x19",
		"13x19",
		"8.5x11",
		"9x12"
	],
	"Text Press Sheet Quantity": [
		"filler1",
		"filler2",
		"filler3"
	],
	"Imposition": [
		"filler1",
		"filler2",
		"filler3"
	],
	"Press": [
		"Heidleberg XL 105",
		"Ryobi 500's",
		"Ryobi 3304",
		"Digital Press"
	],
	"Bindery": [
		"Folder",
		"Stitchliner #1",
		"Acoro",
		"BQ 270",
		"Muller Martini Sitcher",
		"Drill",
		"Shrinkwrapper",
		"Heidelberg Die Cutter",
		"Horizon Die Cutter",
		"Horizon CRF"
	],
	"Mail Department": [
		"DS 600I",
		"Kirk Rudy Inkjet #1",
		"Kirk Rudy Inkjet #2"
	],
	"Display Graphics": [
		"Durst P5 350",
		"Colex",
		"Kongsberg X24"
	]
}
